Requirement	Alt Text
Rank Scout	Scout Rank
Scout Rank Requirment 1a	Scout 1a
Scout Rank Requirment 1b	Scout 1b
Scout Rank Requirment 1c	Scout 1c
Scout Rank Requirment 1d	Scout 1d
Scout Rank Requirment 1e	Scout 1e
Scout Rank Requirment 1f	Scout 1f
Scout Rank Requirment 2a	Scout 2a
Scout Rank Requirment 2b	Scout 2b
Scout Rank Requirment 2c	Scout 2c
Scout Rank Requirment 2d	Scout 2d
Scout Rank Requirment 3a	Scout 3a
Scout Rank Requirment 3b	Scout 3b
Scout Rank Requirment 4a	Scout 4a
Scout Rank Requirment 4b	Scout 4b
Scout Rank Requirment 5	Scout 5
Scout Rank Requirment 6	Scout 6
Scout Rank Requirment 7	Scout 7
